<annotation>
	<folder>Daddy</folder>
	<filename>_dad_4_.jpg</filename>
	<path>M:\Research\Sign Recognition\Dataset-20211204T081301Z-001\Dataset\Train\Selected\Daddy\_dad_4_.jpg</path>
	<source>
		<database>Unknown</database>
	</source>
	<size>
		<width>396</width>
		<height>439</height>
		<depth>3</depth>
	</size>
	<segmented>0</segmented>
	<object>
		<name>dad</name>
		<pose>Unspecified</pose>
		<truncated>0</truncated>
		<difficult>0</difficult>
		<bndbox>
			<xmin>67</xmin>
			<ymin>8</ymin>
			<xmax>216</xmax>
			<ymax>154</ymax>
		</bndbox>
	</object>
</annotation>
