<annotation>
	<folder>Daddy</folder>
	<filename>_dad_6_.jpg</filename>
	<path>M:\Research\Sign Recognition\Dataset-20211204T081301Z-001\Dataset\Train\Selected\Daddy\_dad_6_.jpg</path>
	<source>
		<database>Unknown</database>
	</source>
	<size>
		<width>417</width>
		<height>416</height>
		<depth>3</depth>
	</size>
	<segmented>0</segmented>
	<object>
		<name>dad</name>
		<pose>Unspecified</pose>
		<truncated>0</truncated>
		<difficult>0</difficult>
		<bndbox>
			<xmin>58</xmin>
			<ymin>27</ymin>
			<xmax>289</xmax>
			<ymax>171</ymax>
		</bndbox>
	</object>
</annotation>
