<annotation>
	<folder>Daddy</folder>
	<filename>_dad_2_.jpg</filename>
	<path>M:\Research\Sign Recognition\Dataset-20211204T081301Z-001\Dataset\Train\Selected\Daddy\_dad_2_.jpg</path>
	<source>
		<database>Unknown</database>
	</source>
	<size>
		<width>433</width>
		<height>454</height>
		<depth>3</depth>
	</size>
	<segmented>0</segmented>
	<object>
		<name>dad</name>
		<pose>Unspecified</pose>
		<truncated>1</truncated>
		<difficult>0</difficult>
		<bndbox>
			<xmin>105</xmin>
			<ymin>1</ymin>
			<xmax>247</xmax>
			<ymax>136</ymax>
		</bndbox>
	</object>
</annotation>
